filename,width,height,class,xmin,ymin,xmax,ymax
face_703_jpg.rf.c5d554f6bdffbe72e886c0445de33845.jpg,224,224,male white,17,8,223,224
face_114_jpg.rf.c613f231000bc8e71dabbf6396569c27.jpg,224,224,male white,0,0,198,224
face_14_jpg.rf.c618d4dde38dd66093b75205b1daec8c.jpg,224,224,male white,1,11,204,212
real_00106_jpg.rf.cab0c6f554eb701b0d8d72820a410f60.jpg,224,224,female white,52,35,211,200
real_00044_jpg.rf.cb851305a4ae647012cf7f96633fa7c1.jpg,224,224,female white,50,70,172,199
woman___jpg.rf.cbd445ba6a61c891886048de7dd256d4.jpg,224,224,female white,67,82,124,180
real_00128_jpg.rf.ce8befb36a044691737e321aa01416cb.jpg,224,224,female white,0,37,205,224
real_00137_jpg.rf.cf40a23ff2d2e489e6d4a0c27024abbd.jpg,224,224,female white,0,28,176,196
real_00160_jpg.rf.d05fcf4c27df599a510acac85500b344.jpg,224,224,female black,37,0,193,164
wearing-eyeglasses-selfie27_jpg.rf.d070f5a7788721dffaea13a286f112ef.jpg,224,224,glasses,136,76,169,176
44085215599781620103_jpg.rf.d0984bd3e52f93e3c9ef44c3fc3fba8a.jpg,224,224,glasses,77,42,143,179
real_00086_jpg.rf.d2318baf5d02a6df1c34d2a7eea76645.jpg,224,224,male black,38,23,224,196
face_248_jpg.rf.d2aef5e43ee5a5d99a5af6924a639cac.jpg,224,224,female white,59,11,214,218
face_126_jpg.rf.d3289142cd20f582a1676fe7248fae5c.jpg,224,224,male white,17,34,218,224
real_00186_jpg.rf.d3dafa4ad68c318a722257235342e0ea.jpg,224,224,female white,29,54,185,219
wearing-eyeglasses-selfie11_jpg.rf.d45f28143ff866f7ac4f663bded174c7.jpg,224,224,glasses,90,71,131,159
face_51_jpg.rf.d47d5fc9348bbc89a1c207c4e5641ae4.jpg,224,224,female white,29,0,224,224
face_128_jpg.rf.d54f57c7e7cd51b528e061380d5c657f.jpg,224,224,male white,0,0,222,224
real_00162_jpg.rf.d7e43ce49946eca05a3dfb1855d69af1.jpg,224,224,male white,81,33,218,195
wearing-eyeglasses-selfie79_jpg.rf.d604630cd4016efd580c439974ee8fc3.jpg,224,224,glasses,94,108,164,143
real_00114_jpg.rf.d812c9d23392cc0be94b8b788a775e53.jpg,224,224,male white,30,37,207,218
face_580_jpg.rf.d657a9ac1aa0081f5fd7fa7d1cb0e8f0.jpg,224,224,male white,0,5,189,224
people-wearing-eyeglasses8_jpg.rf.d4e9ba6d760381b238d33f01b4c1dfb6.jpg,224,224,glasses,119,44,153,69
face_771_jpg.rf.d90ee0db29cb6cc8fe26e567c71c82c5.jpg,224,224,male black,0,0,224,224
people-wearing-eyeglasses7_jpg.rf.d916ea6d00821b4c80b4eb567471df72.jpg,224,224,glasses,97,52,142,144
pexels-photo-774909_jpeg.rf.d9291431101dd29d2b047abe0790a3d1.jpg,224,224,female yellow,60,57,136,144
wearing-eyeglasses-selfie46_jpg.rf.d92f078b541658570c48c15172f54148.jpg,224,224,glasses,24,61,86,199
real_00041_jpg.rf.d934e025f1782fd89e3d04793adb6136.jpg,224,224,male white,19,0,203,184
cnghk_jpg.rf.d9a1f78e97bd1a4e722adf6956018778.jpg,224,224,glasses,96,8,142,109
face_82_jpg.rf.d9f5e268d947dec97cb7b9fafc5201ce.jpg,224,224,female white,15,4,189,212
woman___jpg.rf.da27dc2e9693f0b5bce783f34cbfd744.jpg,224,224,female white,68,44,124,142
face_70_jpg.rf.da27e468f01b283f87c8038b39d3eb3f.jpg,224,224,female white,2,47,215,215
real_00062_jpg.rf.da80002344ec62625d6b88c1b0f23716.jpg,224,224,male black,53,73,191,222
face_129_jpg.rf.db0c5592b5fb5016a27a5f83efc2949e.jpg,224,224,male white,0,4,224,203
face_101_jpg.rf.db263ed81f01334fdaa7c69fb6a49c6a.jpg,224,224,male yellow,3,5,197,218
2cb7fc4e-617b-4c9b-be9b-4ebbc4fcdf89_169_jpeg_jpg.rf.dc4936666bcc3df18aefb9ef872665a5.jpg,224,224,glasses,56,46,113,149
real_00126_jpg.rf.de20ec382862d62b7eaba1746db56f33.jpg,224,224,female white,5,42,146,184
face_596_jpg.rf.de56db767d3ea97e75fd0844f6e12057.jpg,224,224,male white,22,10,219,219
face_138_jpg.rf.de7f665b06860abccf1f538cc17250bc.jpg,224,224,male white,0,23,224,224
wearing-eyeglasses-selfie36_jpg.rf.deb89d19bdaa28edb24d7dac99c4a6f0.jpg,224,224,glasses,52,58,152,98
face_19_jpg.rf.dee51eedb9cd2399c90babf572b20dc5.jpg,224,224,male white,9,4,196,217
face_129_jpg.rf.dfa63ee2481b503b93d77bdb64b5464b.jpg,224,224,male white,20,0,222,224
real_00063_jpg.rf.e014ae93a3378178e74fbd183c98922f.jpg,224,224,female white,31,20,223,224
face_54_jpg.rf.e0ec44e5f71b97e084c42b95739ab08d.jpg,224,224,female white,5,38,186,223
face_445_jpg.rf.e13c83627b983ce4bca1f43e1de50682.jpg,224,224,female white,6,0,194,195
wearing-eyeglasses-selfie55_jpg.rf.e0055f177d8b05598aa3460562ee5093.jpg,224,224,glasses,84,152,214,219
face_261_jpg.rf.e1d2cf68cc91d7783b3f44a6c786ac99.jpg,224,224,female white,36,54,218,205
face_445_jpg.rf.e196856951193b3afab3c1357896c348.jpg,224,224,female white,0,21,200,222
64a-19682-163955n-c0575dd97addf2e19b67ecf4f241d5c5_750x500_jpg.rf.e244b64f86eae702b5635b306cfcea32.jpg,224,224,glasses,32,96,51,129
real_00137_jpg.rf.e2b1f2d8e2a6ec4005db094c520904d2.jpg,224,224,female white,1,18,178,184
real_00190_jpg.rf.e26c82ca076877e7e2b42eed45d32eb1.jpg,224,224,female yellow,9,31,171,176
wearing-eyeglasses-selfie2_jpg.rf.e35aacc46ce8cc36989aa9129af1df38.jpg,224,224,glasses,38,40,199,124
real_00093_jpg.rf.e3bbf627ced92cd494bc29a614a7c634.jpg,224,224,female white,61,22,224,196
face_618_jpg.rf.e3dd280b4249558d837ecc9df7b37532.jpg,224,224,male white,0,13,203,224
wearing-eyeglasses-selfie80_jpg.rf.e4e0f1a2b0b0cedd24fb197f312a97bd.jpg,224,224,glasses,114,1,222,131
e_jpg.rf.e532d667d0502965defe5c4e13d5335e.jpg,224,224,glasses,102,70,152,172
real_00093_jpg.rf.e6ef56d2276c7d6d6d8e36244c798876.jpg,224,224,female white,61,45,224,212
real_00091_jpg.rf.e753c1946c048066201e301d270e07fb.jpg,224,224,male white,40,19,197,194
real_00158_jpg.rf.e469099327871691f641f80f469ac66b.jpg,224,224,male white,50,24,222,202
real_00126_jpg.rf.e758c101df0e3fe61693cf9489afd0ac.jpg,224,224,female white,34,79,174,218
real_00065_jpg.rf.e7835ece144e7ab39898bf2b7015a020.jpg,224,224,female yellow,12,33,165,181
real_00161_jpg.rf.e890c06742bddd9370d723a6a4f3ceec.jpg,224,224,female white,20,14,189,173
people-wearing-eyeglasses1_jpg.rf.e89a7382b31cdda00d1ded68dda8dfec.jpg,224,224,glasses,56,74,112,172
real_00138_jpg.rf.e9578b6aa34a2b9559a581d8f95dd1ac.jpg,224,224,male black,28,29,224,193
asdpql_jpg.rf.e93af3127d6698ae69302e953c2a8dc8.jpg,224,224,glasses,102,55,134,144
real_00196_jpg.rf.eb0815cbd90a9aa77263d20c4b54d55a.jpg,224,224,female white,14,32,161,169
cxvadaf_jpg.rf.ebef972e9a1f18526eed64b53daceb6e.jpg,224,224,glasses,4,42,105,87
e_jpg.rf.e99f3f751a05c233894aa0a2157b3466.jpg,224,224,glasses,76,72,120,173
real_00154_jpg.rf.ec02730d6c1a722ecfb0856ce0a8eb10.jpg,224,224,female white,6,68,153,184
wearing-eyeglasses-selfie18_jpg.rf.eccef7f77edac601f989e163f2da465c.jpg,224,224,glasses,29,78,189,179
real_00048_jpg.rf.ecd015910f4ddcec68a97291099777d3.jpg,224,224,female white,33,23,168,155
real_00172_jpg.rf.ed1d1eee967b99e7c3c4f6954d33eb0a.jpg,224,224,female white,46,68,172,208
face_128_jpg.rf.ed7fda3eaec94272e9abc73589dd05f3.jpg,224,224,male white,23,0,223,222
face_1119_jpg.rf.ee75f561d3d0888bb2a9d20e89254a4d.jpg,224,224,female yellow,0,0,185,224
face_672_jpg.rf.eeb1a7cef9b1d46791bf38a13c6900c5.jpg,224,224,male yellow,0,0,217,224
real_00159_jpg.rf.ef9fda722f1b9f0161dbf246e16ad30d.jpg,224,224,male white,0,25,180,197
real_00159_jpg.rf.ef9fda722f1b9f0161dbf246e16ad30d.jpg,224,224,male yellow,0,25,180,197
wearing-eyeglasses-selfie12_jpg.rf.efc4f7a6c721ef2117d30820b9e15cd1.jpg,224,224,glasses,39,80,103,121
ab2f7af7-2450-4016-8ae9-6b640b70d1fc_jpg.rf.f12e0340eca6e08858f188905d8ba2dc.jpg,224,224,glasses,60,109,194,182
face_84_jpg.rf.f14e8e465dbee8f109253696a217e643.jpg,224,224,female white,27,0,209,224
dec762c4765308dd31c7f177cbe872e6_jpg.rf.f171165d8d2e55a6ad8d5c7ed01eb6f4.jpg,224,224,glasses,91,50,154,98
wearing-eyeglasses-selfie68_jpg.rf.f1f8a049573c983c6aea7af55c17b59f.jpg,224,224,glasses,58,31,118,177
real_00085_jpg.rf.f21d12e154cc0f6886421fd9e46238d3.jpg,224,224,female white,8,30,175,197
wearing-eyeglasses-selfie75_jpg.rf.f2c70ce1d34c072672b42ccc577bac9c.jpg,224,224,glasses,47,113,160,166
face_84_jpg.rf.f3103385e52c8f540725353331edb014.jpg,224,224,female white,33,2,203,224
wearing-eyeglasses-selfie51_jpg.rf.f3d67c6ed18eb7240eb7f48e7ec1879b.jpg,224,224,glasses,79,35,144,82
real_00043_jpg.rf.f3defa99a78c3a32f42632139c9650e2.jpg,224,224,female white,64,32,220,137
wearing-eyeglasses-selfie51_jpg.rf.f42d897e4ebb964296f9689ac7eb452f.jpg,224,224,glasses,73,37,136,81
real_00122_jpg.rf.f446dc1243496bae32fbdff77c33709c.jpg,224,224,female yellow,23,7,200,190
face_57_jpg.rf.f4a1d7cb2bcfeacff0fcee26b6d97e82.jpg,224,224,female white,44,21,214,224
face_48_jpg.rf.f4b6907408d908828a6ac08e2f1f1d1b.jpg,224,224,female white,13,22,217,177
wearing-eyeglasses-selfie18_jpg.rf.f4be6fed34bc35d71f368f0c2222f183.jpg,224,224,glasses,73,33,185,197
ab2f7af7-2450-4016-8ae9-6b640b70d1fc_jpg.rf.f6cec5796f8a3b6950cebb508a24f44c.jpg,224,224,glasses,68,51,198,114
real_00155_jpg.rf.f6eb4722ef3b0be3c1d9b44053ebf116.jpg,224,224,female white,13,19,211,212
ab2f7af7-2450-4016-8ae9-6b640b70d1fc_jpg.rf.f7d1266edacfbeb6a6146a80f05ebc88.jpg,224,224,glasses,101,69,178,204
face_76_jpg.rf.f8600e4597050847149e1c7893d72c35.jpg,224,224,female yellow,6,11,170,223
real_00068_jpg.rf.f8721982f6263e780c329171aa477900.jpg,224,224,male white,39,0,196,153
real_00062_jpg.rf.f8b325b6657b4909c0b45599ef4d681c.jpg,224,224,male black,65,21,224,174
wearing-eyeglasses-selfie42_jpg.rf.f8f9b03850fdf4e1a1dc457a324d3169.jpg,224,224,glasses,81,123,171,169
real_00106_jpg.rf.f95c299b24eee0be1839f9c88f88802c.jpg,224,224,female white,45,23,219,203
real_00196_jpg.rf.fa13375655a3ddba621171c32a3fefe1.jpg,224,224,female white,1,25,169,187
real_00044_jpg.rf.fa611caf8a71dc116981cb36be8c62e3.jpg,224,224,female white,52,66,181,202
cnghk_jpg.rf.fa6b2bc604c5325f826fb34ea5dd8e2b.jpg,224,224,glasses,85,115,134,218
real_00101_jpg.rf.fa825ef6ac9bd637c20ea4d230990627.jpg,224,224,female yellow,40,8,179,170
wearing-eyeglasses-selfie44_jpg.rf.fa89378b18be35b3a96e02051975f5eb.jpg,224,224,glasses,117,26,192,173
real_00159_jpg.rf.faef4d719cee00a9447d2c4717db0c1c.jpg,224,224,male white,4,34,170,183
real_00159_jpg.rf.faef4d719cee00a9447d2c4717db0c1c.jpg,224,224,male yellow,4,34,170,183
real_00186_jpg.rf.fb5198a5ecf209af8bd64a531745defb.jpg,224,224,female white,13,51,164,191
face_1116_jpg.rf.fcefc1c65effa9b9942a81184c8172c3.jpg,224,224,female white,0,2,224,199
face_1080_jpg.rf.fd41718a0e2ce6137eb09cc0cf29862b.jpg,224,224,female yellow,0,0,188,223
real_00019_jpg.rf.fd30279e60d3a919da4d8e18ab46bc69.jpg,224,224,female white,5,48,128,173
face_22_jpg.rf.fd5d662da8dd8a63760c1598f4c3bf60.jpg,224,224,female white,52,14,207,212
face_113_jpg.rf.fdc7ebf5c1c1f7ef9dae19b323430deb.jpg,224,224,male white,0,0,224,201
people-wearing-eyeglasses1_jpg.rf.fe3f6719d7305d6b8866f41229e129c2.jpg,224,224,glasses,52,66,113,166
wearing-eyeglasses-selfie68_jpg.rf.fe9c76d18953309e5c791b4de7a04772.jpg,224,224,glasses,60,47,115,191
real_00043_jpg.rf.fe70fcf5bd6e81e70bc5dbaaef17b612.jpg,224,224,female white,87,63,194,219
real_00136_jpg.rf.009fb9517218e25852ea0b4813ada172.jpg,224,224,female white,57,30,219,183
cxz_jpg.rf.0293b3fcc5214d3a6d04758e43f0f946.jpg,224,224,glasses,64,92,93,148
asdzxcz_jpg.rf.0046410e0bf3f84de34a9e803de19d2f.jpg,224,224,glasses,58,16,124,182
wearing-eyeglasses-selfie77_jpg.rf.0342dc244a01878109c0192610ca81d2.jpg,224,224,glasses,47,74,191,147
real_00175_jpg.rf.01dcec97d0c3e1c7a4e9a92aa67447dd.jpg,224,224,female white,13,43,160,186
face_41_jpg.rf.0364fad2e7df558cb34af619021dfd14.jpg,224,224,male white,0,22,219,217
real_00019_jpg.rf.0383432e1c458be7b7abb4f553b370d4.jpg,224,224,female white,27,8,156,136
face_63_jpg.rf.03a930f3683d591283bed17b3dfbfe54.jpg,224,224,female white,33,1,216,201
real_00111_jpg.rf.03d574faad7f1b29dc5648eaff4b3e03.jpg,224,224,male white,0,61,146,215
face_217_jpg.rf.03fcf9dc85155f71bca1d373f22b0f63.jpg,224,224,female white,0,0,214,200
44085215599781620103_jpg.rf.0476e5e3965df6deb8a51b0394123ba1.jpg,224,224,glasses,74,44,146,183
face_180_jpg.rf.04954eef047245d4123e5af9dbc704e3.jpg,224,224,female white,15,0,223,176
real_00091_jpg.rf.055c37abfa058ac311d578db0193aa24.jpg,224,224,male white,31,20,208,213
wearing-eyeglasses-selfie25_jpg.rf.063864bd4bf8af0aa8d3477537e99500.jpg,224,224,glasses,90,76,157,104
real_00020_jpg.rf.0799e716bea6044361b8ba6a731a74b9.jpg,224,224,male white,60,33,224,184
real_00162_jpg.rf.07a2951c92f71e4ef028f48cbb7f9430.jpg,224,224,male white,90,42,209,190
real_00138_jpg.rf.08025377a767cd4fb6175c3676bc7af9.jpg,224,224,male black,0,19,200,191
wearing-eyeglasses-selfie16_jpg.rf.080422af6380db530a0f4acc2c657c1a.jpg,224,224,glasses,130,29,176,141
real_00160_jpg.rf.083c797aeeee3b61536e9eb73ee80cbc.jpg,224,224,female black,47,8,182,156
people-wearing-eyeglasses3_jpg.rf.08972ee61f28cf7d0c472541d984e150.jpg,224,224,glasses,69,65,142,184
real_00185_jpg.rf.097f9daaca63377b889bdd103523aa27.jpg,224,224,male black,55,50,223,182
ks1rxjg7qv7y6zwzxkz4_jpg.rf.09f720c5d8e8e5fffcceaf8e5a97945c.jpg,224,224,glasses,65,129,136,176
wearing-eyeglasses-selfie80_jpg.rf.09fa021240c1a855cfb4f7cfbdc0161b.jpg,224,224,glasses,1,113,134,224
face_1119_jpg.rf.0a2be36f07a9910a5dd8e5c75fae9c0f.jpg,224,224,female yellow,43,8,220,224
0c5f3d484890d82bec8a2761ac1df23f_jpg.rf.0ac9f56e1972a39aa1ce35652ddad3ed.jpg,224,224,glasses,136,107,224,156
wearing-eyeglasses-selfie42_jpg.rf.0b0b6bb9bc47698b9d6a8ab1ba5a478e.jpg,224,224,glasses,77,52,169,102
real_00140_jpg.rf.0bc998392eebda9838ba137629c7f359.jpg,224,224,female white,7,46,157,190
wearing-eyeglasses-selfie6_jpg.rf.0c79bd140b0529fc88e62d93c0ffa45e.jpg,224,224,glasses,34,37,103,147
face_495_jpg.rf.0d3a406aa214a58211a7e4a6483cdd60.jpg,224,224,female white,34,0,224,224
wearing-eyeglasses-selfie51_jpg.rf.0d529fe6d74024f3a95d221c43a0f2dc.jpg,224,224,glasses,72,37,136,82
Dresses_banner3_large_jpg.rf.0d5a2941f0df5e336a53fd8546aeab1e.jpg,224,224,glasses,96,65,145,119
face_41_jpg.rf.0d863c18f2dd81788817b5b1e71100db.jpg,224,224,male white,35,13,206,213
real_00052_jpg.rf.0db8a42747c187efb4f93684299ae7d4.jpg,224,224,female white,98,58,211,186
wearing-eyeglasses-selfie48_jpg.rf.0dce2f8ff13766866a4c9695eec9ed7d.jpg,224,224,glasses,150,72,187,127
real_00158_jpg.rf.0e85ca0c584eb98149033e7149232bd5.jpg,224,224,male white,55,35,215,202
face_51_jpg.rf.0e8d0115226c2c9f21811bcfb9348afc.jpg,224,224,female white,5,8,176,205
face_70_jpg.rf.0fcc2fa2262584f264544613976f52f9.jpg,224,224,female white,0,0,224,194
wearing-eyeglasses-selfie78_jpg.rf.103b5b2e21f55169f3e77df20440aa08.jpg,224,224,glasses,84,25,131,93
asdzxcz_jpg.rf.10a0265f1c4749ee9baeed7721de0d13.jpg,224,224,glasses,82,8,176,179
cnghk_jpg.rf.111a5132756aa249a2e4773f7ca8c315.jpg,224,224,glasses,6,92,111,151
real_00167_jpg.rf.10d4e8dac9329d167ffcdb8f9b699162.jpg,224,224,female yellow,37,8,182,161
5988ba811400001f00ecf908_jpg.rf.12caedd86366df66894f68286ab79f25.jpg,224,224,glasses,75,56,130,144
face_25_jpg.rf.1436a3392667d20002ac88799706c14a.jpg,224,224,female white,9,50,205,212
real_00057_jpg.rf.144396fba53e249b8f8e63859f38384f.jpg,224,224,male black,29,28,215,177
wearing-eyeglasses-selfie64_jpg.rf.14f4b2475278ba510e3246f093c90f64.jpg,224,224,glasses,71,53,197,151
cxz_jpg.rf.153c41b28e534390a292c86033e2c779.jpg,224,224,glasses,129,85,165,144
Dresses_banner3_large_jpg.rf.1573f837ef9da18a18a72991f7f3f108.jpg,224,224,glasses,105,105,154,148
real_00038_jpg.rf.1591e90e68f62ad85c9423c6fd46be50.jpg,224,224,male black,47,9,192,178
wearing-eyeglasses-selfie58_jpg.rf.162d5ef45c6c34ded15a1ea3fbfc71e0.jpg,224,224,glasses,115,63,172,215
real_00195_jpg.rf.163b24e74ff0b5d18364af6f24100280.jpg,224,224,female white,44,75,178,224
wearing-eyeglasses-selfie58_jpg.rf.16fbf0e17463c54163f9d245f46b0a38.jpg,224,224,glasses,60,66,108,217
real_00025_jpg.rf.172be398bf64fb4a4dca8f68708fb86c.jpg,224,224,female white,43,20,185,157
real_00062_jpg.rf.1764fd3e094b2c3c2820470bc704da55.jpg,224,224,male black,4,54,149,187
real_00190_jpg.rf.17a56dec85f2452e4a2700382f2979b4.jpg,224,224,female yellow,22,9,174,176
face_618_jpg.rf.180253eb0b6392fe9f927a9c383d70ec.jpg,224,224,male white,0,18,210,224
face_56_jpg.rf.193bd03a11b1fa33af4720ec1ff9994c.jpg,224,224,female white,2,45,218,210
face_31_jpg.rf.193bf482124d230adbc132c81ef3c352.jpg,224,224,female white,12,64,209,216
real_00041_jpg.rf.19fb028a85d613f20326e55257ed8d83.jpg,224,224,male white,26,2,189,175
kh-composite-celebs-58b9d371508a26396eb9a8efc1bb453f_jpg.rf.1acf279d3d37201fb5611504f42c37a9.jpg,224,224,glasses,158,130,219,158
wearing-eyeglasses-selfie2_jpg.rf.1b225d4565658dc0a47171e22b212e18.jpg,224,224,glasses,28,106,188,180
wearing-eyeglasses-selfie80_jpg.rf.1ba7fb50609f52049322806a0e417d3b.jpg,224,224,glasses,12,0,137,121
real_00025_jpg.rf.1baff427729a77b408b19641f8c21490.jpg,224,224,female white,16,32,161,182
wearing-eyeglasses-selfie36_jpg.rf.1c22811ef08b6af0a1d17d58e21a204d.jpg,224,224,glasses,75,57,175,102
face_672_jpg.rf.1c39f5959c085b313c2f1f1d596e1d86.jpg,224,224,male yellow,12,11,213,199
make_you_smile_jpg.rf.1c7d60be9baa40dedd65266630460439.jpg,224,224,male black,93,80,159,173
face_106_jpg.rf.1d0910427767854844a407908b49a4ce.jpg,224,224,male white,0,0,224,220
real_00135_jpg.rf.1d7869b95b6c68b151564d7609c19eee.jpg,224,224,female white,38,0,184,125
wearing-eyeglasses-selfie55_jpg.rf.1de56f9b60590f354699d1b1ee6c743b.jpg,224,224,glasses,54,159,185,224
face_128_jpg.rf.1e54f6f751025f2be3f8141919242b14.jpg,224,224,male white,0,0,208,224
asdzxcz_jpg.rf.1e75eaa096cdd4b5320bd85ee4f94e39.jpg,224,224,glasses,43,37,134,208
real_00188_jpg.rf.1ea77dbf25e0da0fedd9fecafe5d6f2b.jpg,224,224,female white,72,51,206,167
face_1116_jpg.rf.1eb06f4cb459fec4b29a9018ab31759b.jpg,224,224,female white,33,3,214,224
cxz_jpg.rf.1f5ecb38c0be8f45f2293adaa9b977b8.jpg,224,224,glasses,63,96,97,154
wearing-eyeglasses-selfie26_jpg.rf.20506b46f03a86203023c4fdf3329101.jpg,224,224,glasses,87,90,121,147
face_131_jpg.rf.20d428615f33e81f1758aad05f64a7f2.jpg,224,224,male white,0,0,198,216
real_00189_jpg.rf.211ed9bd55e31e61c8e6873478984577.jpg,224,224,female white,12,50,160,174
jd_jpg.rf.21c6f7828736c6e62de569fb4b115e33.jpg,224,224,glasses,66,125,164,163
face_113_jpg.rf.21c8b60eb61ba0adad2f6fa54850885c.jpg,224,224,male white,2,32,223,224
real_00185_jpg.rf.224317d3496c132d9740f61850769772.jpg,224,224,male black,43,47,195,224
face_1069_jpg.rf.224d2d818654a6fe22fffdd19742e57d.jpg,224,224,female white,32,6,224,224
wearing-eyeglasses-selfie71_jpg.rf.229570a603829eff838ac38f2f3765a6.jpg,224,224,glasses,36,55,99,188
real_00146_jpg.rf.229cc3581f38bc65cb3c0172c8be340c.jpg,224,224,male white,0,26,224,204
wearing-eyeglasses-selfie28_jpg.rf.22ca6d6253609b50b5c14be022fd9cc1.jpg,224,224,glasses,147,49,192,160
real_00024_jpg.rf.22d2a813d05c5fe99c33d5053265069d.jpg,224,224,female white,13,30,176,172
face_63_jpg.rf.232fa69d4ef44a8c252822176f1cf901.jpg,224,224,female white,2,17,200,224
real_00188_jpg.rf.23d500fffb4e4318b5e323c80f5c623f.jpg,224,224,female white,56,71,175,207
real_00053_jpg.rf.272865a05f7d9311b1507e144197ecd6.jpg,224,224,female white,49,80,171,202
face_37_jpg.rf.23f00615fa0ad66a139376842e6ee31d.jpg,224,224,female white,18,16,182,224
face_596_jpg.rf.2789768b5c1640619d98bca8fda47a8b.jpg,224,224,male white,7,0,224,224
jd_jpg.rf.286d5482d05359d286a3050cdc5e6239.jpg,224,224,glasses,61,60,159,100
people-wearing-eyeglasses14_jpg.rf.293fe5ccee413b30f0ebe5a63d3b461d.jpg,224,224,glasses,76,65,144,97
face_15_jpg.rf.29ae8d224c012f6640758947987b2f30.jpg,224,224,female yellow,0,42,224,208
wearing-eyeglasses-selfie78_jpg.rf.29b0719e9beaf4acd9b223cd2dc2bafd.jpg,224,224,glasses,90,134,128,197
wearing-eyeglasses-selfie44_jpg.rf.2a50356c8095e52a61e416855ee66fc5.jpg,224,224,glasses,117,31,194,178
face_95_jpg.rf.2b5ca2f8c179559c4ab613232fefb17f.jpg,224,224,male white,0,0,224,224
real_00188_jpg.rf.2b88b3e4d97409a4c9ff94865695591f.jpg,224,224,female white,39,13,172,160
real_00049_jpg.rf.2babd80c6a89249e13a514b068ea17e5.jpg,224,224,female white,73,56,219,200
real_00027_jpg.rf.2cd19c61bc301ad1606321ea6ea224f2.jpg,224,224,female yellow,52,27,203,182
0e9c31ae5d2a7ba95879c34da588e48c_jpg.rf.2d7e9f02b3aa185e2ae0e19e3222fd09.jpg,224,224,glasses,77,58,156,86
real_00122_jpg.rf.2e0250090fa9c89b3f995355b3041633.jpg,224,224,female yellow,25,35,200,216
face_0_jpg.rf.2e4b8a57c31c5b9f130f4d859129001f.jpg,224,224,male white,0,35,214,223
wearing-eyeglasses-selfie62_jpg.rf.2f086be4d8feb3490e1e900d115c9177.jpg,224,224,glasses,130,62,175,92
e_jpg.rf.2f12ec2960db34a3bd14035138d0fb2b.jpg,224,224,glasses,69,100,173,155
real_00038_jpg.rf.2f4d1b2de52a34cf8c56f192dd495008.jpg,224,224,male black,32,9,177,178
wearing-eyeglasses-selfie42_jpg.rf.2f5e87d0d0b2aefa38ed63fae4a62b75.jpg,224,224,glasses,43,111,140,174
real_00114_jpg.rf.2fe7dc9cb1a77d676f0eb3c80960dfeb.jpg,224,224,male white,36,12,208,187
2cb7fc4e-617b-4c9b-be9b-4ebbc4fcdf89_169_jpeg_jpg.rf.304ca0ecc97c12924fbb8e63e59aab9a.jpg,224,224,glasses,56,41,117,145
real_00038_jpg.rf.30c0fc940fb04333cec75bca7c1fd865.jpg,224,224,male black,43,32,221,187
face_703_jpg.rf.3116c36c31a9ddfa7de29f9d71d0f352.jpg,224,224,male white,0,0,206,216
lkwqmd_jpg.rf.31924a5930a58e09f800e52d68535acf.jpg,224,224,glasses,83,126,106,208
Dresses_banner3_large_jpg.rf.31e0d306612058972cfa7d20c88f589a.jpg,224,224,glasses,96,65,145,119
wearing-eyeglasses-selfie75_jpg.rf.31f1c0f54a71d0b857ab5b9918afedac.jpg,224,224,glasses,52,121,163,160
real_00131_jpg.rf.320be3391799a4e0cf1a8e9e0309acd2.jpg,224,224,female white,1,48,145,197
real_00140_jpg.rf.31f255217e15a243cc8022b356c7b2f3.jpg,224,224,female white,7,35,157,179
kacamata_hitam_bu530099_311cf0db_jpg.rf.333b3815b193bdae402511f2cb12d744.jpg,224,224,glasses,123,26,171,102
face_15_jpg.rf.334865ed0017c5c227b556605258768b.jpg,224,224,female yellow,17,0,180,222
wearing-eyeglasses-selfie50_jpg.rf.3378ec84a4603c446ca0c527a6e02696.jpg,224,224,glasses,91,134,169,175
face_131_jpg.rf.342e8d2041244c2f5bfe405c809ca1ae.jpg,224,224,male white,0,0,217,207
real_00107_jpg.rf.34a1271d8d3c6db5fbe50889b29f0b27.jpg,224,224,female white,47,92,169,207
wearing-eyeglasses-selfie12_jpg.rf.34f1f39b902d4610fc032e75b52591bb.jpg,224,224,glasses,97,122,143,188
face_114_jpg.rf.35001cc6e0c7c34f632b4d06ef80a7e3.jpg,224,224,male white,0,0,198,224
face_261_jpg.rf.3554f5495003ed186938295bbc7c665d.jpg,224,224,female white,8,26,177,222
face_59_jpg.rf.35cdc76f487788e66749408f4cbb6983.jpg,224,224,female white,52,9,207,218
64a-19682-163955n-c0575dd97addf2e19b67ecf4f241d5c5_750x500_jpg.rf.3567b824bcb7feedb3752904eae80636.jpg,224,224,glasses,168,74,190,109
wearing-eyeglasses-selfie55_jpg.rf.36bae9f4636df5244ba90a3cad267103.jpg,224,224,glasses,4,6,77,138
real_00117_jpg.rf.36e9748840512cb560744edcde6b0739.jpg,224,224,male white,45,89,173,223
real_00175_jpg.rf.3719f76506a598a3606bc33d0b78633f.jpg,224,224,female white,27,59,179,214
face_14_jpg.rf.38a5537ac2090640e5e84230140863bc.jpg,224,224,male white,10,0,214,205
face_19_jpg.rf.38fd4204e215fd4d614435390987c8eb.jpg,224,224,male white,0,0,224,207
real_00195_jpg.rf.394fc7fe83ca819864638695e5b0716d.jpg,224,224,female white,0,45,150,183
real_00117_jpg.rf.3997f43ebbbaa6e683ae1bd98215809c.jpg,224,224,male white,92,46,220,166
face_22_jpg.rf.3a351c53f0f619075b69067d642f898d.jpg,224,224,female white,47,9,212,214
real_00192_jpg.rf.3a42ceebefb2fc92ea2db4fb7e285a0f.jpg,224,224,female white,13,33,145,145
face_57_jpg.rf.3b891496f25cc49d7548bbb45b6c27b9.jpg,224,224,female white,49,25,209,223
real_00096_jpg.rf.3c2078ffc41b77579b3c37ad0daba490.jpg,224,224,male black,12,0,188,178
pexels-photo-774909_jpeg.rf.3c9a6b4544cfff8001c2edc7e945a3b8.jpg,224,224,female yellow,61,92,143,163
wearing-eyeglasses-selfie7_jpg.rf.3ce0f95132fbfc48c6af87949f968631.jpg,224,224,glasses,67,64,137,109
face_54_jpg.rf.3ce17f4ef0db03266195ddd944794bfd.jpg,224,224,female white,22,29,224,224
wearing-eyeglasses-selfie74_jpg.rf.3d65e6a03e273b4ce28297557490e3ad.jpg,224,224,glasses,38,46,87,144
wearing-eyeglasses-selfie34_jpg.rf.3d6ee342cf7812e7cadb0d4223eedcdd.jpg,224,224,glasses,40,43,113,183
real_00182_jpg.rf.3e5b2f280e7d12b6c4e0a4fb7135ce6b.jpg,224,224,female white,12,45,152,170
real_00091_jpg.rf.3e7809866f754b4694ecb39c5d9e340f.jpg,224,224,male white,1,20,209,215
real_00146_jpg.rf.3f32a3b32079fb54a311e9cfdfe138bd.jpg,224,224,male white,0,17,224,199
wearing-eyeglasses-selfie26_jpg.rf.3fb8296429953684136fb3101cdf2d82.jpg,224,224,glasses,84,89,122,147
face_242_jpg.rf.4043e4bc73eae2fc0411bfeb9777b2e5.jpg,224,224,female yellow,10,15,187,217
real_00128_jpg.rf.40dcef7ec52b83b65cf63a8278131463.jpg,224,224,female white,0,22,179,216
real_00084_jpg.rf.40e1642d71cbb629e3e7f5de00a76813.jpg,224,224,female white,51,29,224,215
face_95_jpg.rf.41102e713a527dd67f361f471fc39648.jpg,224,224,male white,0,0,224,224
face_79_jpg.rf.417b3767db17da6a40480f4a2fcabec4.jpg,224,224,female white,8,35,220,223
kacamata_jpg.rf.41b42fa58a38bdbba4815f8761799a83.jpg,224,224,glasses,87,115,147,147
wearing-eyeglasses-selfie50_jpg.rf.41eaae5632f24ea8a84319ec2a33543f.jpg,224,224,glasses,51,129,131,176
face_617_jpg.rf.4205b268ef74a51d00be6f29cf52aced.jpg,224,224,male white,18,34,217,210
real_00111_jpg.rf.42079cbcd378d36d6bd41dd530f0dacb.jpg,224,224,male white,0,62,135,200
real_00176_jpg.rf.4211b6f1388324ca3a2f49e8ed23be12.jpg,224,224,female white,11,50,162,194
face_771_jpg.rf.422159e69cb9f91049f9a5cef2fd5820.jpg,224,224,male black,0,0,224,224
real_00136_jpg.rf.422cb6c0c3202074a42d0310efe62cc0.jpg,224,224,female white,6,42,167,193
imagesasdads_jpg.rf.42a98ddc4dfc27f5205bc785dc76dc91.jpg,224,224,glasses,55,60,172,139
face_63_jpg.rf.42fee7e32cc61f46c46402c6c4d49d65.jpg,224,224,female white,9,41,197,209
kacamata_hitam_bu530099_311cf0db_jpg.rf.439108d2740fefa908cac1386fc8b42b.jpg,224,224,glasses,124,110,187,194
real_00057_jpg.rf.440c2f31055fadce8780280a2cd8e257.jpg,224,224,male black,18,4,185,203
real_00135_jpg.rf.4419f6d7cb76bb029a8e9e956f9eb471.jpg,224,224,female white,0,24,130,175
people-wearing-eyeglasses9_jpg.rf.451d5a461445afe702e730d42e1bdb76.jpg,224,224,glasses,128,14,211,135
face_57_jpg.rf.458d5ac6e9d988e9f0b4d6be7e208022.jpg,224,224,female white,14,0,224,199
real_00024_jpg.rf.45ebbb3b905ba9205b0d0857043952bd.jpg,224,224,female white,57,41,205,165
real_00054_jpg.rf.46d997e0ccb68dec114806c1ee5ca779.jpg,224,224,female white,63,33,220,168
real_00128_jpg.rf.47c13cfaadeff13d89bc82b40aa2c8e4.jpg,224,224,female white,13,39,218,224
face_80_jpg.rf.48e9d4bac4e86ea8ec3961bea968fedb.jpg,224,224,female white,0,0,224,201
wearing-eyeglasses-selfie71_jpg.rf.493386755c34bba64de13a0e510e6bef.jpg,224,224,glasses,48,32,183,100
wearing-eyeglasses-selfie2_jpg.rf.4947cb64cddf87e3697f4aecc5835c86.jpg,224,224,glasses,108,27,177,186
wearing-eyeglasses-selfie58_jpg.rf.4987c9a6de2b79f5dc99e255c49e9d42.jpg,224,224,glasses,108,67,168,221
real_00183_jpg.rf.49b77ac2efc4f5ce146eb736ac0044bf.jpg,224,224,female yellow,56,30,218,186
real_00136_jpg.rf.49a99151ecdeec7d88417a4c95319940.jpg,224,224,female white,36,7,184,166
real_00164_jpg.rf.49d663ac0b1a897ddcb4aa936d9e873e.jpg,224,224,female white,24,53,144,177
face_1069_jpg.rf.49e41594eb5f678d49665e14d84bc11c.jpg,224,224,female white,0,0,224,195
kacamata-untuk-wajah-kotak_jpg.rf.4a4507caa6082aa0bd09c83663c933a5.jpg,224,224,glasses,99,72,161,125
face_248_jpg.rf.4b2de72bf758d260234e90936e9cf143.jpg,224,224,female white,0,0,224,181
make_you_smile_jpg.rf.4b4d3805e64fe0ed8c2262e804f4ac6b.jpg,224,224,male black,95,71,167,167
face_1082_jpg.rf.4b440c1378596056c8020c365e275abb.jpg,224,224,female yellow,0,38,224,218
real_00115_jpg.rf.4bf71bd34f7250136401d2af7b196ba0.jpg,224,224,male white,44,84,175,224
people-wearing-eyeglasses9_jpg.rf.4c5515ac007c9b5cd04e9d7d6a48f9a1.jpg,224,224,glasses,139,32,215,150
face_237_jpg.rf.4bcde7a6bc202a813458fc29fe6b0f59.jpg,224,224,female white,31,1,224,219
real_00084_jpg.rf.4c692ce90165fce0f091aef139e8e362.jpg,224,224,female white,33,0,204,164
wearing-eyeglasses-selfie16_jpg.rf.4ccdf0263c3f3d270a2fe100665f64eb.jpg,224,224,glasses,33,45,95,159
real_00158_jpg.rf.4ee571583d370dc26bb230e8e180a6c1.jpg,224,224,male white,26,5,200,172
face_82_jpg.rf.4f5f9c832d18f6023b13b08a49b468ef.jpg,224,224,female white,32,13,210,223
face_59_jpg.rf.4ebf276f90e800ab194b13b3c2fc309d.jpg,224,224,female white,39,7,218,224
real_00033_jpg.rf.500df19e05f0ac31f9cb4922a872640d.jpg,224,224,male white,22,42,198,212
wearing-eyeglasses-selfie36_jpg.rf.4f1242bf9e05ee4f6edb7f7abb3eac4b.jpg,224,224,glasses,124,74,167,175
wearing-eyeglasses-selfie15_jpg.rf.50d9fdf15a7acb1529f4f43e62377b83.jpg,224,224,glasses,43,41,81,163
wearing-eyeglasses-selfie34_jpg.rf.51866ae17b5addce33311d967de516b4.jpg,224,224,glasses,32,121,168,170
face_80_jpg.rf.50ed1cede252ec95c623d326ead7d483.jpg,224,224,female white,0,3,224,191
face_1069_jpg.rf.51e3bbd2238c28a651033bd6f3adb596.jpg,224,224,female white,0,0,224,198
real_00140_jpg.rf.520ecc930066ec7aa09546dd6dab51af.jpg,224,224,female white,13,49,149,178
real_00172_jpg.rf.52f27536fb010ae44a6737f01045a397.jpg,224,224,female white,51,19,170,153
face_15_jpg.rf.5338cf704bfd6c7e3c7e7c2d8b169ed8.jpg,224,224,female yellow,10,0,186,224
ceq_jpg.rf.5340685ea1913bb2376d8bbee9da4c17.jpg,224,224,glasses,105,91,171,128
make_you_smile_jpg.rf.53eafeaa1ad62a135ea2443762fd95b5.jpg,224,224,male black,95,53,158,144
wearing-eyeglasses-selfie34_jpg.rf.544087caf3a0e14c1aadc2980718f97c.jpg,224,224,glasses,43,45,110,184
wearing-eyeglasses-selfie74_jpg.rf.550c9488d1226182c4944cfcc13df53f.jpg,224,224,glasses,48,136,147,189
face_56_jpg.rf.56136806591f9f0347432ceac0b96094.jpg,224,224,female white,33,0,221,224
real_00086_jpg.rf.56a7b822ad949f059cfe24df2cbc589c.jpg,224,224,male black,26,19,224,217
real_00185_jpg.rf.56d2ee41b05dcc41f6aa34e7d239f673.jpg,224,224,male black,42,0,196,177
real_00172_jpg.rf.5984a8d9b70c5a720015b837a0cd4438.jpg,224,224,female white,70,52,206,174
wearing-eyeglasses-selfie68_jpg.rf.59b96ecde8b7404a59123d4c0b84967d.jpg,224,224,glasses,34,61,177,114
face_126_jpg.rf.59e5a0086d5e2812d9a0b2b90a206c5a.jpg,224,224,male white,34,6,224,207
0e9c31ae5d2a7ba95879c34da588e48c_jpg.rf.5a50b0e4e3c1b3f53aba455408500e16.jpg,224,224,glasses,55,72,89,152
face_617_jpg.rf.5a95fa978cb22fb31ae8c0de12e0d2af.jpg,224,224,male white,21,5,223,224
ceq_jpg.rf.5b08f009809520722a15bc589a8be717.jpg,224,224,glasses,104,55,134,119
face_70_jpg.rf.5ba1af841b74bab047545262e4a76e71.jpg,224,224,female white,13,10,174,218
real_00053_jpg.rf.5cf8393fc7a7b0b1e83e9695aee09b77.jpg,224,224,female white,61,21,190,151
wearing-eyeglasses-selfie13_jpg.rf.5bd1f15751a12c775292d2dcb73978fe.jpg,224,224,glasses,0,35,91,219
wearing-eyeglasses-selfie64_jpg.rf.5c1dcd714dda270ed4af7d4daf43a95a.jpg,224,224,glasses,24,64,152,165
face_22_jpg.rf.5d53ecf41c441bcac9b1bf87cca60cdc.jpg,224,224,female white,3,0,224,189
dec762c4765308dd31c7f177cbe872e6_jpg.rf.5d58e252512525c1e17c05ceae2dfddc.jpg,224,224,glasses,76,52,137,95
wearing-eyeglasses-selfie77_jpg.rf.5d6879f9fdf40b9e71a0b47bbb09fb6b.jpg,224,224,glasses,33,76,177,151
real_00174_jpg.rf.5e56d08dd6858393ae174fa146741459.jpg,224,224,female white,16,37,176,182
asdpql_jpg.rf.5e7ef08474becbaa773fa9583c940031.jpg,224,224,glasses,79,82,170,127
kacamata-untuk-wajah-kotak_jpg.rf.5eb102bb474241e4fa7195af330db96c.jpg,224,224,glasses,72,100,125,162
wearing-eyeglasses-selfie6_jpg.rf.5ef3e965626f90e9bbc653ca65c03cd3.jpg,224,224,glasses,34,78,102,187
wearing-eyeglasses-selfie6_jpg.rf.5efc4143d5b882964b2a106e8b26bcd9.jpg,224,224,glasses,123,38,191,147
real_00182_jpg.rf.5f01b522f76dbc644336fe8f47ddc97d.jpg,224,224,female white,12,48,152,173
jd_jpg.rf.5f2dd21385e04ad20354e148b1d475c3.jpg,224,224,glasses,54,119,156,169
face_25_jpg.rf.5f341599db860161a8663fead14923c7.jpg,224,224,female white,21,55,210,208
face_80_jpg.rf.5fd670640da78752a0a6db74a2028701.jpg,224,224,female white,0,0,224,196
people-wearing-eyeglasses14_jpg.rf.601679d6eeb6df35a1e324625c03b81c.jpg,224,224,glasses,73,131,139,155
face_747_jpg.rf.6016c0d2db01cbb5b08f015bec6eab2e.jpg,224,224,male yellow,0,0,224,224
wearing-eyeglasses-selfie46_jpg.rf.6069da5888a49abb57dbb50580c55b74.jpg,224,224,glasses,47,131,193,213
real_00182_jpg.rf.60e077da87997dd92f0086f528acdd61.jpg,224,224,female white,10,44,154,173
wearing-eyeglasses-selfie62_jpg.rf.611c87d0d63c0566f610ea160ed056ff.jpg,224,224,glasses,129,136,152,179
kh-composite-celebs-58b9d371508a26396eb9a8efc1bb453f_jpg.rf.614fd673ac53c48e2aa11c3ac933500c.jpg,224,224,glasses,155,133,217,165
face_237_jpg.rf.625069efe5a4648ed8233d7196b0a82b.jpg,224,224,female white,11,35,222,223
wearing-eyeglasses-selfie28_jpg.rf.62900af73b49d8b557f14194b2c82509.jpg,224,224,glasses,26,46,85,159
wearing-eyeglasses-selfie78_jpg.rf.644ec475c42c135bda08a7b240740209.jpg,224,224,glasses,26,93,93,139
real_00195_jpg.rf.65639d087f045337ee93137aeac48fc5.jpg,224,224,female white,32,71,172,224
kacamata_jpg.rf.66d2a418aecfefb0b768a94f9e566827.jpg,224,224,glasses,116,79,146,139
real_00048_jpg.rf.670a3f15236a383f75779145d801aef0.jpg,224,224,female white,77,41,197,165
face_747_jpg.rf.6760fb9336efce2292641697d0097f31.jpg,224,224,male yellow,0,10,209,210
face_138_jpg.rf.6781b8e10a34e1bd8d687d9a27b0a6ee.jpg,224,224,male white,19,0,224,221
real_00154_jpg.rf.6796d6dc7e3660a7fbe94f2adb48bce8.jpg,224,224,female white,0,35,157,172
wearing-eyeglasses-selfie28_jpg.rf.67ca56032275031576b76cbf186a6e11.jpg,224,224,glasses,55,37,163,73
face_12_jpg.rf.67f936f14a4634f4ece351615de29522.jpg,224,224,male white,0,0,218,224
real_00019_jpg.rf.6970ada0f045813f043e76b763f24d8f.jpg,224,224,female white,14,48,121,157
real_00086_jpg.rf.69984827c019266716c472b028e60ac3.jpg,224,224,male black,29,0,196,183
real_00033_jpg.rf.6ad83e9ffd0ad973b8a3ff3c10560223.jpg,224,224,male white,34,14,220,204
face_0_jpg.rf.6aea963f49e3760a60509b3be9763e76.jpg,224,224,male white,2,0,218,187
real_00084_jpg.rf.6b8c3dec368235ad3a2365c871830747.jpg,224,224,female white,65,32,224,194
real_00183_jpg.rf.6b69ba0803f69479f141a6e02c9fd4ee.jpg,224,224,female yellow,28,5,186,169
real_00141_jpg.rf.6898c737b4b6b57dc7a63e7be0c039d6.jpg,224,224,female white,54,70,175,207
face_95_jpg.rf.6c267ff923c96a74a634ceb844cdfbba.jpg,224,224,male white,0,0,224,224
face_596_jpg.rf.6f9c5786a5732300ba53a91b81b66ece.jpg,224,224,male white,6,0,224,224
face_113_jpg.rf.6c8e02b047d84d79027dfea508ba369e.jpg,224,224,male white,34,1,224,217
real_00138_jpg.rf.71477d91c6f89669d3a6da554d3f0854.jpg,224,224,male black,33,32,186,224
face_580_jpg.rf.6fcbe2a36aaef243ea51e3df112b6b59.jpg,224,224,male white,13,0,224,187
real_00065_jpg.rf.6b52e5e73b471954ee40d46f7e729aa5.jpg,224,224,female yellow,13,44,163,188
wearing-eyeglasses-selfie41_jpg.rf.7027ccc10bb76e384c3722a950a2bc6f.jpg,224,224,glasses,124,118,159,171
face_1082_jpg.rf.715d40ef602b941a9d3c578c902b1115.jpg,224,224,female yellow,0,0,224,192
wearing-eyeglasses-selfie71_jpg.rf.7271cbbf1c6796cec30874c5e04b361f.jpg,224,224,glasses,130,48,187,179
real_00125_jpg.rf.71bff1eee180a1c502b9139db419b1ee.jpg,224,224,female white,46,5,184,163
44085215599781620103_jpg.rf.72bca75d2f75dfd1dee1d8875fb8fa0b.jpg,224,224,glasses,79,41,149,179
real_00146_jpg.rf.72e714991447c3ae96b9fa4438394d23.jpg,224,224,male white,3,31,224,199
people-wearing-eyeglasses3_jpg.rf.7343a62884f98c00214390bd7b8e5153.jpg,224,224,glasses,86,43,147,156
real_00176_jpg.rf.73904161eb27a9a593206617fcb568aa.jpg,224,224,female white,70,50,208,180
face_112_jpg.rf.73f2108bfa0ee90145427b13bacb4137.jpg,224,224,male white,0,0,224,204
face_101_jpg.rf.73fbad3721d95bf26a0304112b13fbfb.jpg,224,224,male yellow,0,0,207,223
real_00025_jpg.rf.740ef88c92694b40d6a3036f03a14b59.jpg,224,224,female white,28,12,186,165
face_25_jpg.rf.7444a625c39f78101e0a1d5149a845ab.jpg,224,224,female white,8,3,216,181
people-wearing-eyeglasses8_jpg.rf.745a119b050257cf9c1ce9f645f26d0c.jpg,224,224,glasses,74,43,108,69
real_00054_jpg.rf.74c716440210aa484c103757c03096d7.jpg,224,224,female white,20,53,161,215
real_00145_jpg.rf.74e289ff0e67c29cff82d0a36549fafc.jpg,224,224,female white,54,33,184,152
mengenal-kacamata-anti-radiasi-dan-fungsinya-perlu-diketahui_jpg.rf.74f8500902a5e902e7415dac29025fce.jpg,224,224,glasses,77,96,148,137
wearing-eyeglasses-selfie7_jpg.rf.75026ec4f0ff97317987b19ab2176bed.jpg,224,224,glasses,87,63,158,109
real_00167_jpg.rf.75308d92d71e392d568a55d14f9df7df.jpg,224,224,female yellow,7,36,163,183
face_84_jpg.rf.75c933e014ab25c46761e587fba98d26.jpg,224,224,female white,32,2,181,215
face_217_jpg.rf.75ca74224e7b8964e4ae39823e184fb0.jpg,224,224,female white,0,3,213,198
face_747_jpg.rf.761c59d03a294ae2d5d7d49143239030.jpg,224,224,male yellow,3,0,224,223
face_76_jpg.rf.7626f1ae71316f9a831e1dbf11717a79.jpg,224,224,female yellow,14,9,221,167
real_00049_jpg.rf.766e56d8c338d9182113cf1df5b63e81.jpg,224,224,female white,43,86,165,211
face_180_jpg.rf.769b794d428e71edc89b7d29141e6e86.jpg,224,224,female white,0,19,176,224
face_126_jpg.rf.76d092c96c6a24e2663f2c50ddbb207d.jpg,224,224,male white,1,20,224,224
0e9c31ae5d2a7ba95879c34da588e48c_jpg.rf.7797136971f8387801a8b2e4a0f6af93.jpg,224,224,glasses,56,58,93,139
real_00176_jpg.rf.77f77aba79e56e245687c7a2cee6e529.jpg,224,224,female white,64,38,216,184
real_00160_jpg.rf.784d65ad32b7aaa17813d29bea00f45e.jpg,224,224,female black,39,68,174,216
real_00087_jpg.rf.78b5601531198eabcd1177106637ba73.jpg,224,224,male yellow,0,22,157,175
real_00125_jpg.rf.790341b6b24575430cf4eeae4974e666.jpg,224,224,female white,45,11,168,157
wearing-eyeglasses-selfie12_jpg.rf.7a11947d01ebaaf78590f3cc8219f90c.jpg,224,224,glasses,97,37,143,103
kacamata_hitam_bu530099_311cf0db_jpg.rf.7b16540cd124a5a9474c4a5976a5397e.jpg,224,224,glasses,125,101,209,165
wearing-eyeglasses-selfie79_jpg.rf.7b12650f2cdce85f14af30af8fcc7122.jpg,224,224,glasses,94,108,164,143
5988ba811400001f00ecf908_jpg.rf.7b587e1c21862106dbe911082c58c89c.jpg,224,224,glasses,95,81,149,169
face_248_jpg.rf.7bb06d8868c152dd263e76c8a99d63f6.jpg,224,224,female white,38,0,224,224
face_0_jpg.rf.7ba8fc1b56b0c6b4df2f5e285f7e2118.jpg,224,224,male white,5,13,183,222
face_242_jpg.rf.7cd356b664e651cad9d7c6bb9737689d.jpg,224,224,female yellow,3,6,213,192
real_00054_jpg.rf.7cf0315cdf9b5c1d79e04fe62179f1a0.jpg,224,224,female white,11,37,158,159
wearing-eyeglasses-selfie27_jpg.rf.7d190658097594f88f2a2ef145da81dc.jpg,224,224,glasses,138,52,169,152
real_00115_jpg.rf.7daf44968ade7e262fd810ff69c09e41.jpg,224,224,male white,73,28,224,179
2cb7fc4e-617b-4c9b-be9b-4ebbc4fcdf89_169_jpeg_jpg.rf.7def71337c1979b2910c8a83edc6b640.jpg,224,224,glasses,46,47,118,156
face_79_jpg.rf.7e8692fdd61a15168951d858871f1adb.jpg,224,224,female white,0,5,195,224
real_00052_jpg.rf.7f5f96172ed0c35c0f8c2d10492a4d1d.jpg,224,224,female white,15,50,123,173
face_1080_jpg.rf.7f7d50a5c90ab84ae0c494ad370225ab.jpg,224,224,female yellow,0,0,198,220
wearing-eyeglasses-selfie50_jpg.rf.7fa0b9f62106a3da7ab2b7475260b506.jpg,224,224,glasses,52,61,85,136
real_00100_jpg.rf.7fa291f4b2d137213b08ad5ca983771c.jpg,224,224,female yellow,56,39,224,203
face_51_jpg.rf.7fd4d6509157319136bb578c4a90a5fc.jpg,224,224,female white,0,10,194,224
face_445_jpg.rf.7fda208c0d289c8296db3219267ea034.jpg,224,224,female white,0,21,200,222
face_112_jpg.rf.8014533452bad08a86699742c71473be.jpg,224,224,male white,24,0,224,224
real_00048_jpg.rf.80471a8779a3bba79b5e22203786922d.jpg,224,224,female white,53,23,185,151
real_00063_jpg.rf.80534f610ff8a5a3bee0ddce2edcceaa.jpg,224,224,female white,32,18,204,173
real_00044_jpg.rf.807c7e9c28f9085929a1fd6b6e3a88bc.jpg,224,224,female white,22,50,158,179
wearing-eyeglasses-selfie41_jpg.rf.80ad0aa71ed66af5683b65acb11504e0.jpg,224,224,glasses,125,107,182,149
face_54_jpg.rf.80f74950891d0a3d628c3d400d946995.jpg,224,224,female white,29,19,224,224
gettyimages-989349168-612x612_jpg.rf.8142148b063f8d046fbea0ce1fbc0713.jpg,224,224,glasses,55,154,78,199
cxvadaf_jpg.rf.8268722617054da6f545701c493dd6ea.jpg,224,224,glasses,40,4,86,106
real_00107_jpg.rf.827baf12bab1c1e2863bc8503b1bef87.jpg,224,224,female white,58,14,189,140
real_00131_jpg.rf.82c27e24dcf737eb79e1ac8878be0381.jpg,224,224,female white,11,50,133,179
face_56_jpg.rf.8326c31e34fcd0e0e25cf162aa9ab553.jpg,224,224,female white,2,0,193,224
real_00106_jpg.rf.834d610cfc25aa55a64dc8bde010cd0d.jpg,224,224,female white,19,43,202,221
real_00192_jpg.rf.83e27c9de383d4d188614ac1a9ada682.jpg,224,224,female white,8,34,145,153
face_1116_jpg.rf.844e7aeb1e26c7286c60bdee3bed2686.jpg,224,224,female white,33,0,218,224
face_31_jpg.rf.846311d6a1fd408df754ca55922a84ef.jpg,224,224,female white,46,0,224,218
real_00068_jpg.rf.848e4a7eaaf954d033459358424e1643.jpg,224,224,male white,69,39,224,199
real_00192_jpg.rf.84d09ddf125f178d276307afcff7557b.jpg,224,224,female white,79,13,189,143
real_00052_jpg.rf.8530561aeaf209cf6230320a995f09cb.jpg,224,224,female white,11,58,132,192
real_00093_jpg.rf.8561cb094eb347c914edb0b7220e0370.jpg,224,224,female white,3,25,153,176
people-wearing-eyeglasses7_jpg.rf.856480991e7fa74c1819d4b6d1640039.jpg,224,224,glasses,100,51,137,143
real_00101_jpg.rf.85d22e83b54cac966b40929d4f8163b7.jpg,224,224,female yellow,40,2,195,177
people-wearing-eyeglasses8_jpg.rf.8611833281cb8872130129aadc29c341.jpg,224,224,glasses,129,148,165,176
real_00131_jpg.rf.8614f4aa2cdb55a5c7f6c49e7053a51c.jpg,224,224,female white,83,34,220,176
real_00186_jpg.rf.8852a4ba346d9d1cad078d0d6d849dc6.jpg,224,224,female white,22,12,172,172
real_00020_jpg.rf.888fa1a2a45f00222b8dd9d9ef171683.jpg,224,224,male white,53,0,196,164
face_1082_jpg.rf.88a74bc1970e9f3a437b6488dfa2719f.jpg,224,224,female yellow,9,0,182,223
real_00041_jpg.rf.88fd3a4fd37b45950187c40148c06fda.jpg,224,224,male white,9,36,197,224
wearing-eyeglasses-selfie48_jpg.rf.8b08bf8f00e5e91e61071138cea08b3d.jpg,224,224,glasses,38,94,72,148
real_00145_jpg.rf.8b422a9687210f98dd8609c8b942efa1.jpg,224,224,female white,36,30,173,157
face_19_jpg.rf.8bd4c102614fac3c7399473f93d3622b.jpg,224,224,male white,6,3,200,222
imagesasdads_jpg.rf.8c63cdb4f127140e368ec9b1e6b7bd1f.jpg,224,224,glasses,57,64,172,136
face_261_jpg.rf.8cc520fcf24bc0ffbe07f35fab896106.jpg,224,224,female white,45,32,212,224
real_00126_jpg.rf.8d3682d97b16d0f817d133e4fe4e8d54.jpg,224,224,female white,11,52,139,182
real_00189_jpg.rf.8db587d537820f57cf4dfe6bb4bb6ec0.jpg,224,224,female white,7,51,168,193
real_00096_jpg.rf.8db5cd2a6cf43ed90979ab45d636bc08.jpg,224,224,male black,48,15,224,187
wearing-eyeglasses-selfie11_jpg.rf.8dc760e1cc2157a22cbdcbb064bb9e8a.jpg,224,224,glasses,86,69,134,159
pexels-photo-774909_jpeg.rf.8de29cc4532116de3a1096580d0c5de5.jpg,224,224,female yellow,84,79,166,170
real_00087_jpg.rf.8e8dd31985866eb7d290bdc66b66c845.jpg,224,224,male yellow,1,44,150,184
lkwqmd_jpg.rf.8ef434204da41ab6c06f001ebe1f1061.jpg,224,224,glasses,16,83,98,111
face_495_jpg.rf.8f689fa851e2da32b68c18a37d844adc.jpg,224,224,female white,0,38,223,224
wearing-eyeglasses-selfie15_jpg.rf.8fa531542622d935f5e67ecad005a58f.jpg,224,224,glasses,39,72,93,196
wearing-eyeglasses-selfie64_jpg.rf.8f083b08c57e92b69d6472005e16c04a.jpg,224,224,glasses,71,26,176,156
people-wearing-eyeglasses9_jpg.rf.907cebbd2ac60e978377b0c765fb80a0.jpg,224,224,glasses,13,8,103,132
cxvadaf_jpg.rf.920c07eb162039398cd56b1a3153f074.jpg,224,224,glasses,59,130,112,224
real_00164_jpg.rf.9299ecf53e4d14a6ddf10637d68ab4c3.jpg,224,224,female white,65,27,213,178
real_00167_jpg.rf.92c7c2326463a776da07e230c17b9b0f.jpg,224,224,female yellow,40,68,173,211
face_672_jpg.rf.934aaf02d3cf72b11288d19277af27ce.jpg,224,224,male yellow,19,6,221,219
people-wearing-eyeglasses3_jpg.rf.93fec9f21c6a0cb32c330c0ec782673d.jpg,224,224,glasses,41,73,158,141
face_106_jpg.rf.9432621d05c7329cae4554db2756c5f8.jpg,224,224,male white,10,5,224,224
real_00135_jpg.rf.949313e2d67e67dd8e7888456fb308fe.jpg,224,224,female white,0,49,135,206
face_37_jpg.rf.94a5830ecc10e01d7ca30b39d1491146.jpg,224,224,female white,22,0,221,216
real_00117_jpg.rf.94a654e02b5364bcf88f057fab2e2436.jpg,224,224,male white,57,0,190,139
real_00125_jpg.rf.9636ea313f2fd6f172ec94219178212b.jpg,224,224,female white,48,6,183,162
face_771_jpg.rf.95be8e85d52dde30b3d2d63850fb8424.jpg,224,224,male black,0,0,224,224
face_180_jpg.rf.98197d88600d03d3053bbf825b7bbeda.jpg,224,224,female white,20,2,222,174
face_1080_jpg.rf.98e2ab6f2b773123996e9211e0d0e224.jpg,224,224,female yellow,0,0,183,218
wearing-eyeglasses-selfie11_jpg.rf.987541b79c963dadf530a2fbfc2fca71.jpg,224,224,glasses,96,66,131,153
face_76_jpg.rf.99224cec624d9fa5b77d634b4ca35933.jpg,224,224,female yellow,0,8,181,224
wearing-eyeglasses-selfie27_jpg.rf.99818972c184023c8d872cef0c0ab1ab.jpg,224,224,glasses,133,56,176,158
face_41_jpg.rf.99e174efb3ada2dbccdc71a0ff1eb7c3.jpg,224,224,male white,8,4,200,221
real_00080_jpg.rf.99fb382797e18b1bc8d6c5b86e9fc9ad.jpg,224,224,male yellow,0,19,156,190
people-wearing-eyeglasses1_jpg.rf.99f3642b5525505fd309b39fc055eb75.jpg,224,224,glasses,54,114,151,168
wearing-eyeglasses-selfie79_jpg.rf.9acd14775adb5962b6b20b24c4c962e2.jpg,224,224,glasses,95,81,165,117
real_00155_jpg.rf.9b56be14437b6f9a4f3b5ad7ee3dad24.jpg,224,224,female white,27,27,192,198
face_31_jpg.rf.9ba92824a318845c8ae902751d80daee.jpg,224,224,female white,2,0,215,172
0c5f3d484890d82bec8a2761ac1df23f_jpg.rf.9c8ff6c36c15476f16ffcbf3b0fbfc37.jpg,224,224,glasses,86,141,125,224
face_138_jpg.rf.9c1beb5b9d4467ebc0bf3b31b863017d.jpg,224,224,male white,7,25,224,224
real_00085_jpg.rf.9cc7e78ac477325168cd8d55b193a8e1.jpg,224,224,female white,20,39,206,224
wearing-eyeglasses-selfie77_jpg.rf.9d5043f3fc0f60426ed1cc1e369d8c03.jpg,224,224,glasses,47,81,190,152
real_00122_jpg.rf.9dabd90b35fdd190104e1fcec52ca308.jpg,224,224,female yellow,19,8,196,191
real_00027_jpg.rf.9dba25b382384d506d0a3f16daa46233.jpg,224,224,female yellow,28,25,177,170
face_618_jpg.rf.9ec4a8eef145ea90c234599c196e9149.jpg,224,224,male white,18,13,224,224
real_00111_jpg.rf.9f8349ef821e2b53dba68d8f1974966c.jpg,224,224,male white,20,86,162,224
asdpql_jpg.rf.9f83afd1efa27bde74ae36000b3f8028.jpg,224,224,glasses,87,52,135,143
real_00057_jpg.rf.9fa13e69d4361ca64b1d09ad33c4c427.jpg,224,224,male black,28,6,182,196
real_00100_jpg.rf.9fc4bf8ce18347885b5b6fdc150657f0.jpg,224,224,female yellow,45,5,224,179
real_00063_jpg.rf.a01f661624c044eb602e740aa1a4aa8f.jpg,224,224,female white,24,38,218,218
face_101_jpg.rf.a09c480c2cbc926c026f589bee024e8f.jpg,224,224,male yellow,10,0,224,224
m4GF1pYEiO_png_jpg.rf.a09e26d13e12bcf361567edc4ee09f09.jpg,224,224,glasses,70,82,154,126
face_48_jpg.rf.a0ac09e09c22d7a06bd631d481304014.jpg,224,224,female white,0,29,224,221
real_00174_jpg.rf.a354310ede8bea5e427c94f1008e78c2.jpg,224,224,female white,19,46,173,182
face_48_jpg.rf.a3ff29a5861304e2d76e08250ebc1fc3.jpg,224,224,female white,6,0,192,223
real_00085_jpg.rf.a4ba15c02e892b8b0b3a5335ed1bcde4.jpg,224,224,female white,20,0,208,186
real_00155_jpg.rf.a5124821ca42813e9e45a0383eab59ae.jpg,224,224,female white,10,12,208,214
face_242_jpg.rf.a5365f206746c362b642304083d6c001.jpg,224,224,female yellow,0,1,199,223
real_00020_jpg.rf.a6020151bcb0ee5e1d6b9faf9b8428b1.jpg,224,224,male white,57,67,185,224
face_82_jpg.rf.a6edb2e8111dea0c0985e3cfbc32fdcc.jpg,224,224,female white,16,38,218,206
real_00189_jpg.rf.a6f7742f1b00adaa94d5cfe9112ea3f4.jpg,224,224,female white,67,54,211,173
mengenal-kacamata-anti-radiasi-dan-fungsinya-perlu-diketahui_jpg.rf.a77cbe0a45bc0b62992f78aec2fee629.jpg,224,224,glasses,90,78,127,147
real_00145_jpg.rf.a7bb41ff6192160f9237cbb71fb11aa8.jpg,224,224,female white,34,51,149,178
wearing-eyeglasses-selfie18_jpg.rf.a7c0ae8ac4cee57b87eb5e02452f9237.jpg,224,224,glasses,35,44,197,149
face_79_jpg.rf.a7d740970076ef215fa92b2a78c8df09.jpg,224,224,female white,33,2,224,216
face_14_jpg.rf.a80a36911e24e5a90e0b86548cd09dfe.jpg,224,224,male white,1,11,220,224
wearing-eyeglasses-selfie48_jpg.rf.a82b7c9ec18332ee4937704952c7083a.jpg,224,224,glasses,155,92,185,144
m4GF1pYEiO_png_jpg.rf.a875ebed16830b66b1ba50ee49f09489.jpg,224,224,glasses,75,65,134,156
people-wearing-eyeglasses7_jpg.rf.a877c71099cd49909a15b011233daa83.jpg,224,224,glasses,83,102,173,128
face_12_jpg.rf.a8833403fd2e18e088b95bc2e6f67ebc.jpg,224,224,male white,0,0,224,220
wearing-eyeglasses-selfie25_jpg.rf.a8d58b066cb13496b51ef871b961a632.jpg,224,224,glasses,121,71,149,138
ceq_jpg.rf.a9509de7a2906418d924394ee8c3cccf.jpg,224,224,glasses,108,56,139,120
wearing-eyeglasses-selfie16_jpg.rf.a9804eaa535952948d2144f2e4bb39d6.jpg,224,224,glasses,72,133,185,183
5988ba811400001f00ecf908_jpg.rf.a9f8fdef494841c3660e723324872ca5.jpg,224,224,glasses,55,94,142,145
real_00100_jpg.rf.aa507d3b83350222c4a6e1efe2ced744.jpg,224,224,female yellow,59,23,223,180
2bf9d138-3851-4f92-aff3-6c27af768eb0_jpg.rf.aa573224564f287c3b84adfda39e6008.jpg,224,224,glasses,0,60,95,119
real_00115_jpg.rf.aa94f4022f36fbc600e2f693cfe797d3.jpg,224,224,male white,28,0,177,150
wearing-eyeglasses-selfie26_jpg.rf.abc0ea3e5dd1ac96e73c62f8e2698cdf.jpg,224,224,glasses,77,102,136,141
wearing-eyeglasses-selfie75_jpg.rf.abff491c0ba7f5c4ce9b9116689c6915.jpg,224,224,glasses,110,65,168,179
64a-19682-163955n-c0575dd97addf2e19b67ecf4f241d5c5_750x500_jpg.rf.ac53d142b3d927326a951a8342b3d9b1.jpg,224,224,glasses,91,174,123,191
wearing-eyeglasses-selfie15_jpg.rf.ac6c82ee457e162be6486806aa4307e1.jpg,224,224,glasses,47,35,171,87
2bf9d138-3851-4f92-aff3-6c27af768eb0_jpg.rf.ac87b3312d7fce3e67d229572c079afc.jpg,224,224,glasses,128,104,224,163
real_00087_jpg.rf.ace17844fe79d1a63cf583a954c3be63.jpg,224,224,male yellow,37,76,173,221
face_237_jpg.rf.ae3a1918ec1ba6d1dcd8b5da58fc00c0.jpg,224,224,female white,43,10,216,208
0c5f3d484890d82bec8a2761ac1df23f_jpg.rf.aef7b919d3d67ef60c06661c955b0f72.jpg,224,224,glasses,135,109,224,161
real_00080_jpg.rf.af13128b96b3178324f7ee1ebb96caea.jpg,224,224,male yellow,49,70,209,224
face_106_jpg.rf.af327378f60db9ab6e3b07e94959658b.jpg,224,224,male white,0,11,217,224
real_00161_jpg.rf.af3af64139633b16382824617423ad6b.jpg,224,224,female white,24,18,173,178
face_114_jpg.rf.af95b8a32df0aeff6aef221212121eaa.jpg,224,224,male white,31,0,224,223
wearing-eyeglasses-selfie44_jpg.rf.affd139d34c90bde0b8a1ca9d959943d.jpg,224,224,glasses,44,37,93,179
face_59_jpg.rf.b01c385af873ad1cbf20b401f808f972.jpg,224,224,female white,0,9,216,182
wearing-eyeglasses-selfie62_jpg.rf.b03c1c7fc8afa9e625689a22099cffab.jpg,224,224,glasses,60,51,91,97
ks1rxjg7qv7y6zwzxkz4_jpg.rf.b04fce3fdb95b6e461bb02ac3ce6a547.jpg,224,224,glasses,129,73,179,145
real_00096_jpg.rf.b05826325dca4bbc0dd0c0e16dad0f91.jpg,224,224,male black,57,42,222,197
face_703_jpg.rf.b0b976ff91e38aa3f4438a76af7611d1.jpg,224,224,male white,5,7,211,200
imagesasdads_jpg.rf.b0dc209e78a4b8dcd50376c58fce9202.jpg,224,224,glasses,62,90,175,157
people-wearing-eyeglasses14_jpg.rf.b1090c201305d6651abf19856f23c55c.jpg,224,224,glasses,70,128,138,157
real_00196_jpg.rf.b199349e9ef370f60da669b4f06db23a.jpg,224,224,female white,17,59,159,191
wearing-eyeglasses-selfie41_jpg.rf.b20d392770152e6ad32aa7f14cc5f863.jpg,224,224,glasses,68,120,101,172
real_00068_jpg.rf.b28f1d1dbd9d5e4662ca0d2016f1cf8f.jpg,224,224,male white,34,0,206,161
real_00161_jpg.rf.b294b5f949afdf4378b4edd28473b3a3.jpg,224,224,female white,24,46,173,206
wearing-eyeglasses-selfie13_jpg.rf.b319eafa1255c1c471f77dfc3a7c41e1.jpg,224,224,glasses,4,133,188,224
wearing-eyeglasses-selfie7_jpg.rf.b3bc0e29e52b6437c0ce637d24776ad8.jpg,224,224,glasses,93,113,163,157
real_00043_jpg.rf.b3f085c6b1704b8372ee408a7b7031bc.jpg,224,224,female white,67,83,223,190
real_00164_jpg.rf.b44f8c39deb1b5b376ed6201dbe5e2dd.jpg,224,224,female white,38,73,174,206
kacamata_jpg.rf.b48239136d2e2836a9e6ca41a37f21fa.jpg,224,224,glasses,79,78,109,138
real_00175_jpg.rf.b4f248ca9be1b5ac4e2a11e83cd8499d.jpg,224,224,female white,50,20,177,152
woman___jpg.rf.b60d813502d6d94612d7ea6a23a05640.jpg,224,224,female white,98,45,161,145
wearing-eyeglasses-selfie13_jpg.rf.b69dc008da8e145274c9699d603325b1.jpg,224,224,glasses,28,148,207,216
mengenal-kacamata-anti-radiasi-dan-fungsinya-perlu-diketahui_jpg.rf.b65dcf8805ad914752d9ef0a4243ce18.jpg,224,224,glasses,79,91,147,125
kh-composite-celebs-58b9d371508a26396eb9a8efc1bb453f_jpg.rf.b73163bc46953890189d1c9bf40d83a7.jpg,224,224,glasses,156,63,218,93
wearing-eyeglasses-selfie74_jpg.rf.b80b076d02219fae406f7c90a1a05041.jpg,224,224,glasses,90,45,186,88
real_00183_jpg.rf.b8c98d7ff47f1183cbb4522544ef959d.jpg,224,224,female yellow,58,40,216,192
real_00137_jpg.rf.b92063ecd5ee3b7e0f6c3fe5e41e8f64.jpg,224,224,female white,43,4,201,173
face_37_jpg.rf.b98ed8665a4a0e0f5344489339e9767f.jpg,224,224,female white,35,0,216,215
real_00141_jpg.rf.ba7ee5a01a81faf92a00abc9d335b896.jpg,224,224,female white,10,45,163,185
2bf9d138-3851-4f92-aff3-6c27af768eb0_jpg.rf.bae472f295de39804bba5c5af7393c4d.jpg,224,224,glasses,128,114,188,212
real_00141_jpg.rf.bae51173a7c3028116fe98803fdade37.jpg,224,224,female white,12,46,159,179
face_131_jpg.rf.bb8403d40b5804b6b9ab5b0bc1950f88.jpg,224,224,male white,30,15,221,224
real_00033_jpg.rf.bb87e63a01629b79e557b3a113abe217.jpg,224,224,male white,52,35,202,191
real_00024_jpg.rf.bba6e291925a126fae631526afa901d7.jpg,224,224,female white,51,13,196,178
face_495_jpg.rf.bba7f7d283601c35f47af133a393c0a2.jpg,224,224,female white,0,0,221,177
real_00174_jpg.rf.bc2d12f834cca7f9272ebd6a9a473f30.jpg,224,224,female white,58,51,200,173
face_129_jpg.rf.bc4af1d77ef41758121209300d325086.jpg,224,224,male white,0,0,209,224
real_00053_jpg.rf.bc5b1c0076e4b07df5b35c7ef1f5e12c.jpg,224,224,female white,54,81,175,202
face_1119_jpg.rf.bc6a0b09f692d895e8c3ed466fd7efb0.jpg,224,224,female yellow,0,40,224,224
real_00107_jpg.rf.bc7c6d21045085b238a56a809beb3b21.jpg,224,224,female white,86,46,212,178
face_12_jpg.rf.bc9ca8156c68b79d4b2f26310ac75322.jpg,224,224,male white,0,17,224,223
real_00114_jpg.rf.bd3d67fffee3ecc7d288f7f4a3ee7a95.jpg,224,224,male white,25,33,211,222
face_112_jpg.rf.bd0244a7109c67fa2b3b8a8cbb2f57ec.jpg,224,224,male white,0,28,222,224
gettyimages-989349168-612x612_jpg.rf.bd58689a4c81d9a1daa89394f2bbf13a.jpg,224,224,glasses,144,156,190,180
face_580_jpg.rf.bdd9da8a2c1fbdc197ebc856c88a9ab2.jpg,224,224,male white,0,0,217,198
real_00101_jpg.rf.bddacd7aa5228efc17a9d4f7fe76d0e2.jpg,224,224,female yellow,43,53,188,219
ks1rxjg7qv7y6zwzxkz4_jpg.rf.be0055798b8b3aea72e2d479a6d39255.jpg,224,224,glasses,47,91,99,164
face_617_jpg.rf.be3bc21b32495105179e3791f5358a54.jpg,224,224,male white,0,23,213,219
face_217_jpg.rf.bf79060092e670b47c76c3f22d426fdf.jpg,224,224,female white,18,37,222,213
kacamata-untuk-wajah-kotak_jpg.rf.c01485db581a9da77ccef94002623b71.jpg,224,224,glasses,83,106,126,161
real_00027_jpg.rf.c0f86c361d428c6fc4f5ab13e3a31fa7.jpg,224,224,female yellow,28,42,206,216
real_00162_jpg.rf.c0e8902e01d20e8cc49162dc6beee85c.jpg,224,224,male white,80,22,217,184
lkwqmd_jpg.rf.c23b8e27a21cff2b5f1d19fdc56c228d.jpg,224,224,glasses,121,22,164,106
gettyimages-989349168-612x612_jpg.rf.c2aae365716fecf60ffbcd6c40074a7f.jpg,224,224,glasses,142,157,188,183
real_00159_jpg.rf.c3121cf98e25797312987db9109c72bd.jpg,224,224,male white,52,33,223,187
real_00159_jpg.rf.c3121cf98e25797312987db9109c72bd.jpg,224,224,male yellow,52,32,223,186
real_00154_jpg.rf.c38642585ceb68c2afe2a3d90cbf7da2.jpg,224,224,female white,65,71,218,195
real_00080_jpg.rf.c39b59aef46fe63595630471793b7f8f.jpg,224,224,male yellow,35,0,204,155
real_00065_jpg.rf.c3c21959634d6062c116669c87f5e04d.jpg,224,224,female yellow,57,42,215,195
wearing-eyeglasses-selfie25_jpg.rf.c494333d0a2b6310c35c806441cdeebc.jpg,224,224,glasses,82,70,151,107
m4GF1pYEiO_png_jpg.rf.c4c6f02a5c6f6fcb8e81a131b153e29d.jpg,224,224,glasses,93,69,148,158
real_00049_jpg.rf.c4c76d7e664ca31c42e29d599c32734b.jpg,224,224,female white,6,25,151,168
wearing-eyeglasses-selfie46_jpg.rf.c5529d775d975b387830aeeb71083bbd.jpg,224,224,glasses,62,21,204,91
real_00190_jpg.rf.c502cfac70775acf8510537f5022e0f0.jpg,224,224,female yellow,45,48,217,206
dec762c4765308dd31c7f177cbe872e6_jpg.rf.c5cfabfd9661d02cf7389091cc72c508.jpg,224,224,glasses,82,133,139,170